--9 pacientes

INSERT INTO [Consultorios].[dbo].[Usuario] VALUES (1,19055338,'8','foto1','Benjamin','Elias','Mora','Torres','1995-04-21' ,'Los crisantemos 327',9829999,28550,2,1,1,1)
INSERT INTO [Consultorios].[dbo].[Usuario] VALUES (2,18055775,'k','foto2','Sebastian','Isaac','Orrego','Aguayo','1991-12-27' ,'Los crisantemos 328',91229999,23570,2,2,1,1)
INSERT INTO [Consultorios].[dbo].[Usuario] VALUES (3,19340000,'3','foto3','Carlos','Alberto','Orellan','Aguayo','1994-11-28' ,'San Martin 185',6729479,285340,2,1,1,1)
INSERT INTO [Consultorios].[dbo].[Usuario] VALUES (4,19430000,'4','foto4','Patrica','Fernanda','Campos','Garate','1996-03-23' ,'Los crisantemos 329',9829339,2354550,2,3,2,1)
INSERT INTO [Consultorios].[dbo].[Usuario] VALUES (5,19431000,'1','foto5','Antonio','Andres','Briones','Cardenas','1996-03-23' ,'Los crisantemos 329',9829339,2354550,2,3,1,1)
INSERT INTO [Consultorios].[dbo].[Usuario] VALUES (6,19432000,'2','foto5','Amparo','Licette','Campos','Carvallo','1996-03-23' ,'Los crisantemos 329',9829339,2354550,2,3,2,1)
INSERT INTO [Consultorios].[dbo].[Usuario] VALUES (7,19433000,'4','foto5','Rocio','Estefania','Aguilera','Trujillo','1996-03-23' ,'Los crisantemos 329',9829339,2354550,2,3,2,1)
INSERT INTO [Consultorios].[dbo].[Usuario] VALUES (8,19434000,'5','foto5','Pedro','Julio','Fuentes','Mendez','1996-03-23' ,'Los crisantemos 329',9829339,2354550,2,3,1,1)
INSERT INTO [Consultorios].[dbo].[Usuario] VALUES (9,19435000,'7','foto5','Gabriel','Esteban','Olivares','Leiva','1996-03-23' ,'Los crisantemos 329',9829339,2354550,2,3,1,1)
--5 medicos
INSERT INTO [Consultorios].[dbo].[Usuario] VALUES (10,19440000,'k','foto5','Andres','Pablo','Toledo','Soto','1996-03-23' ,'Los crisantemos 329',9829339,2354550,2,3,1,1)
INSERT INTO [Consultorios].[dbo].[Usuario] VALUES (11,19441000,'2','foto5','Claudio','Miguel','Salas','Ruiz','1996-03-23' ,'Los crisantemos 329',9829339,2354550,2,3,1,1)
INSERT INTO [Consultorios].[dbo].[Usuario] VALUES (12,19442000,'8','foto5','Rodrigo','Jose','Martinez','Bravo','1996-03-23' ,'Los crisantemos 329',9829339,2354550,2,3,1,1)
INSERT INTO [Consultorios].[dbo].[Usuario] VALUES (13,19443000,'2','foto5','Cecilia','Nicole','Sepulveda','Molina','1996-03-23' ,'Los crisantemos 329',9829339,2354550,2,3,2,1)
INSERT INTO [Consultorios].[dbo].[Usuario] VALUES (14,19444000,'5','foto5','Silvia','Fabiana','Flores','Avila','1996-03-23' ,'Los crisantemos 329',9829339,2354550,2,3,2,1)
--5 secretarias
INSERT INTO [Consultorios].[dbo].[Usuario] VALUES (15,19450000,'4','foto5','Camila','Monica','Godoy','Cortes','1996-03-23' ,'Los crisantemos 329',9829339,2354550,2,3,2,1)
INSERT INTO [Consultorios].[dbo].[Usuario] VALUES (16,19451000,'4','foto5','Ximena','Javiera','Soto','Navarro','1996-03-23' ,'Los crisantemos 329',9829339,2354550,2,3,2,1)
INSERT INTO [Consultorios].[dbo].[Usuario] VALUES (17,19452000,'4','foto5','Maria','Soledad','Vasquez','Paredes','1996-03-23' ,'Los crisantemos 329',9829339,2354550,2,3,2,1)
INSERT INTO [Consultorios].[dbo].[Usuario] VALUES (18,19453000,'4','foto5','Francisca','Gabriela','Valenzuela','Moya','1996-03-23' ,'Los crisantemos 329',9829339,2354550,2,3,2,1)
INSERT INTO [Consultorios].[dbo].[Usuario] VALUES (19,19454000,'4','foto5','Teodora','Sofia','Salamanca','Mella','1996-03-23' ,'Los crisantemos 329',9829339,2354550,2,3,2,1)
--5 enfermeras
INSERT INTO [Consultorios].[dbo].[Usuario] VALUES (20,19460000,'4','foto5','Emeli','Veronica','Figueroa','Fuentes','1996-03-23' ,'Los crisantemos 329',9829339,2354550,2,3,2,1)
INSERT INTO [Consultorios].[dbo].[Usuario] VALUES (21,19461000,'4','foto5','Angelica','Andrea','Suarez','Hernandez','1996-03-23' ,'Los crisantemos 329',9829339,2354550,2,3,2,1)
INSERT INTO [Consultorios].[dbo].[Usuario] VALUES (22,19462000,'4','foto5','Carolina','Margarita','Perez','Sandoval','1996-03-23' ,'Los crisantemos 329',9829339,2354550,2,3,2,1)
INSERT INTO [Consultorios].[dbo].[Usuario] VALUES (23,19463000,'4','foto5','Sofia','Paz','Bravo','Duran','1996-03-23' ,'Los crisantemos 329',9829339,2354550,2,3,2,1)
INSERT INTO [Consultorios].[dbo].[Usuario] VALUES (24,19464000,'4','foto5','Maria','Jose','Villegas','Lopez','1996-03-23' ,'Los crisantemos 329',9829339,2354550,2,3,2,1)
--administradores 
INSERT INTO [Consultorios].[dbo].[Usuario] VALUES (25,19470000,'4','foto5','Esteban','Enrique','Farias','Riquelme','1996-03-23' ,'Los crisantemos 329',9829339,2354550,2,3,2,1)
INSERT INTO [Consultorios].[dbo].[Usuario] VALUES (26,19471000,'4','foto5','Maximiliam','Mauricio','Vargas','Cifuentes','1996-03-23' ,'Los crisantemos 329',9829339,2354550,2,3,2,1)
INSERT INTO [Consultorios].[dbo].[Usuario] VALUES (27,19471000,'4','foto5','Agustin','Daniel','Cortes','Araneda','1996-03-23' ,'Los crisantemos 329',9829339,2354550,2,3,2,1)
INSERT INTO [Consultorios].[dbo].[Usuario] VALUES (28,19473000,'4','foto5','Bruno','Cristobal','Artigas','Ossas','1996-03-23' ,'Los crisantemos 329',9829339,2354550,2,3,2,1)
INSERT INTO [Consultorios].[dbo].[Usuario] VALUES (29,19474000,'4','foto5','Guillermo','Ulises','Manriquez','Tapia','1996-03-23' ,'Los crisantemos 329',9829339,2354550,2,3,2,1)
INSERT INTO [Consultorios].[dbo].[Usuario] VALUES (30,19475000,'4','foto5','Raul','Jonatan','Martinez','Quiroga','1996-03-23' ,'Los crisantemos 329',9829339,2354550,2,3,2,1)

--9 pacientes

INSERT INTO [Consultorios].[dbo].[Paciente] (id_usuario, id_grupo_sanguineo, id_rh, id_sector) VALUES (1,1,1,1)
INSERT INTO [Consultorios].[dbo].[Paciente] (id_usuario, id_grupo_sanguineo, id_rh, id_sector) VALUES (2,2,1,2)
INSERT INTO [Consultorios].[dbo].[Paciente] (id_usuario, id_grupo_sanguineo, id_rh, id_sector) VALUES (3,1,2,3)
INSERT INTO [Consultorios].[dbo].[Paciente] (id_usuario, id_grupo_sanguineo, id_rh, id_sector) VALUES (4,2,1,4)
INSERT INTO [Consultorios].[dbo].[Paciente] (id_usuario, id_grupo_sanguineo, id_rh, id_sector) VALUES (5,2,2,1)
INSERT INTO [Consultorios].[dbo].[Paciente] (id_usuario, id_grupo_sanguineo, id_rh, id_sector) VALUES (6,1,2,1)
INSERT INTO [Consultorios].[dbo].[Paciente] (id_usuario, id_grupo_sanguineo, id_rh, id_sector) VALUES (7,2,1,3)
INSERT INTO [Consultorios].[dbo].[Paciente] (id_usuario, id_grupo_sanguineo, id_rh, id_sector) VALUES (8,1,1,3)
INSERT INTO [Consultorios].[dbo].[Paciente] (id_usuario, id_grupo_sanguineo, id_rh, id_sector) VALUES (9,2,2,2)

--5 medicos

INSERT INTO [Consultorios].[dbo].[Medico] (rut_medico, dv_medico, id_usuario, id_especialidad, id_jornada_laboral) VALUES (19040001,'k',10,1,1)
INSERT INTO [Consultorios].[dbo].[Medico] (rut_medico, dv_medico, id_usuario, id_especialidad, id_jornada_laboral) VALUES (19040002,'4',11,1,8)
INSERT INTO [Consultorios].[dbo].[Medico] (rut_medico, dv_medico, id_usuario, id_especialidad, id_jornada_laboral) VALUES (19040003,'7',12,1,7)
INSERT INTO [Consultorios].[dbo].[Medico] (rut_medico, dv_medico, id_usuario, id_especialidad, id_jornada_laboral) VALUES (19040004,'3',13,1,3)
INSERT INTO [Consultorios].[dbo].[Medico] (rut_medico, dv_medico, id_usuario, id_especialidad, id_jornada_laboral) VALUES (19040005,'1',14,1,4)

--5 Secretaria

INSERT INTO [Consultorios].[dbo].[Secretaria] (id_usuario, id_jornada_laboral) VALUES (15,1)
INSERT INTO [Consultorios].[dbo].[Secretaria] (id_usuario, id_jornada_laboral) VALUES (16,4)
INSERT INTO [Consultorios].[dbo].[Secretaria] (id_usuario, id_jornada_laboral) VALUES (17,3)
INSERT INTO [Consultorios].[dbo].[Secretaria] (id_usuario, id_jornada_laboral) VALUES (18,2)
INSERT INTO [Consultorios].[dbo].[Secretaria] (id_usuario, id_jornada_laboral) VALUES (19,7)

--5 enfermeras
INSERT INTO [Consultorios].[dbo].[Enfermera] (id_usuario, id_jornada_laboral) VALUES (20,1)
INSERT INTO [Consultorios].[dbo].[Enfermera] (id_usuario, id_jornada_laboral) VALUES (21,2)
INSERT INTO [Consultorios].[dbo].[Enfermera] (id_usuario, id_jornada_laboral) VALUES (22,3)
INSERT INTO [Consultorios].[dbo].[Enfermera] (id_usuario, id_jornada_laboral) VALUES (23,4)
INSERT INTO [Consultorios].[dbo].[Enfermera] (id_usuario, id_jornada_laboral) VALUES (24,7)

--administradores

INSERT INTO [Consultorios].[dbo].[Administrador] (id_usuario) VALUES (25)
INSERT INTO [Consultorios].[dbo].[Administrador] (id_usuario) VALUES (26)
INSERT INTO [Consultorios].[dbo].[Administrador] (id_usuario) VALUES (27)
INSERT INTO [Consultorios].[dbo].[Administrador] (id_usuario) VALUES (28)
INSERT INTO [Consultorios].[dbo].[Administrador] (id_usuario) VALUES (29)
INSERT INTO [Consultorios].[dbo].[Administrador] (id_usuario) VALUES (30)


--MEDICOS  


INSERT INTO [Consultorios].[dbo].[Control_Acceso] (usuario_login, contrasena, id_tipo_usuario, id_usuario, activo) VALUES ('Andres','1234',4,10,1)  
INSERT INTO [Consultorios].[dbo].[Control_Acceso] (usuario_login, contrasena, id_tipo_usuario, id_usuario, activo) VALUES ('Claudio','1234',4,11,1) 
INSERT INTO [Consultorios].[dbo].[Control_Acceso] (usuario_login, contrasena, id_tipo_usuario, id_usuario, activo) VALUES ('Rodrigo','1234',4,12,1) 
INSERT INTO [Consultorios].[dbo].[Control_Acceso] (usuario_login, contrasena, id_tipo_usuario, id_usuario, activo) VALUES ('Secilia','1234',4,13,1) 
INSERT INTO [Consultorios].[dbo].[Control_Acceso] (usuario_login, contrasena, id_tipo_usuario, id_usuario, activo) VALUES ('Silvia','1234',4,14,1) 
--SECRETARIAS
INSERT INTO [Consultorios].[dbo].[Control_Acceso] (usuario_login, contrasena, id_tipo_usuario, id_usuario, activo) VALUES ('Camila','1234',2,15,1) 
INSERT INTO [Consultorios].[dbo].[Control_Acceso] (usuario_login, contrasena, id_tipo_usuario, id_usuario, activo) VALUES ('Fernanda','1234',2,16,1) 
INSERT INTO [Consultorios].[dbo].[Control_Acceso] (usuario_login, contrasena, id_tipo_usuario, id_usuario, activo) VALUES ('Maria','1234',2,17,1) 
INSERT INTO [Consultorios].[dbo].[Control_Acceso] (usuario_login, contrasena, id_tipo_usuario, id_usuario, activo) VALUES ('Teresa','1234',2,18,1) 
INSERT INTO [Consultorios].[dbo].[Control_Acceso] (usuario_login, contrasena, id_tipo_usuario, id_usuario, activo) VALUES ('Teodora','1234',2,19,1) 
--ENFERMERAS 
INSERT INTO [Consultorios].[dbo].[Control_Acceso] (usuario_login, contrasena, id_tipo_usuario, id_usuario, activo) VALUES ('Emeli','1234',3,20,1)
INSERT INTO [Consultorios].[dbo].[Control_Acceso] (usuario_login, contrasena, id_tipo_usuario, id_usuario, activo) VALUES ('Angelica','1234',3,21,1) 
INSERT INTO [Consultorios].[dbo].[Control_Acceso] (usuario_login, contrasena, id_tipo_usuario, id_usuario, activo) VALUES ('Carolina','1234',3,22,1) 
INSERT INTO [Consultorios].[dbo].[Control_Acceso] (usuario_login, contrasena, id_tipo_usuario, id_usuario, activo) VALUES ('Sofia','1234',3,23,1) 
INSERT INTO [Consultorios].[dbo].[Control_Acceso] (usuario_login, contrasena, id_tipo_usuario, id_usuario, activo) VALUES ('SoniaS','1234',3,24,1)  
--ADMINISTRADORES
INSERT INTO [Consultorios].[dbo].[Control_Acceso] (usuario_login, contrasena, id_tipo_usuario, id_usuario, activo) VALUES ('Esteban','1234',5,25,1)
INSERT INTO [Consultorios].[dbo].[Control_Acceso] (usuario_login, contrasena, id_tipo_usuario, id_usuario, activo) VALUES ('Maximiliam','1234',5,26,1)
INSERT INTO [Consultorios].[dbo].[Control_Acceso] (usuario_login, contrasena, id_tipo_usuario, id_usuario, activo) VALUES ('Agustin','1234',5,27,1)
INSERT INTO [Consultorios].[dbo].[Control_Acceso] (usuario_login, contrasena, id_tipo_usuario, id_usuario, activo) VALUES ('Bruno','1234',5,28,1)
INSERT INTO [Consultorios].[dbo].[Control_Acceso] (usuario_login, contrasena, id_tipo_usuario, id_usuario, activo) VALUES ('Guillermo','1234',5,29,1)
INSERT INTO [Consultorios].[dbo].[Control_Acceso] (usuario_login, contrasena, id_tipo_usuario, id_usuario, activo) VALUES ('Raul','1234',5,30,1)
