--9 pacientes

INSERT INTO [Consultorios].[dbo].[Usuario] VALUES (1,19055338,'8','foto1','Benjamin','Elias','Mora','Torres','1995-04-21' ,'Los crisantemos 327',9829999,28550,2,1,1,1)
INSERT INTO [Consultorios].[dbo].[Usuario] VALUES (2,19300000,'2','foto2','Sebastian','Isaac','Orrego','Aguayo','1992-04-21' ,'Los crisantemos 328',91229999,23570,2,2,1,1)
INSERT INTO [Consultorios].[dbo].[Usuario] VALUES (3,19340000,'3','foto3','Carlos','Alberto','Orellan','Aguayo','1994-11-28' ,'San Martin 185',6729479,285340,2,1,1,1)
INSERT INTO [Consultorios].[dbo].[Usuario] VALUES (4,19430000,'4','foto4','Patrica','Fernanda','Campos','Garate','1996-03-23' ,'Los crisantemos 329',9829339,2354550,2,3,2,1)
INSERT INTO [Consultorios].[dbo].[Usuario] VALUES (5,19431000,'1','foto5','Antonio','Andres','Campos','Garate','1996-03-23' ,'Los crisantemos 329',9829339,2354550,2,3,1,1)
INSERT INTO [Consultorios].[dbo].[Usuario] VALUES (6,19432000,'2','foto5','Amparo','Licette','Campos','Garate','1996-03-23' ,'Los crisantemos 329',9829339,2354550,2,3,2,1)
INSERT INTO [Consultorios].[dbo].[Usuario] VALUES (7,19433000,'4','foto5','Rocio','Estefania','Campos','Garate','1996-03-23' ,'Los crisantemos 329',9829339,2354550,2,3,2,1)
INSERT INTO [Consultorios].[dbo].[Usuario] VALUES (8,19434000,'5','foto5','Pedro','Julio','Campos','Garate','1996-03-23' ,'Los crisantemos 329',9829339,2354550,2,3,1,1)
INSERT INTO [Consultorios].[dbo].[Usuario] VALUES (9,19435000,'7','foto5','Gabriel','Esteban','Campos','Garate','1996-03-23' ,'Los crisantemos 329',9829339,2354550,2,3,1,1)
--5 medicos
INSERT INTO [Consultorios].[dbo].[Usuario] VALUES (10,19431100,'k','foto5','Andres','Fernanda','Campos','Garate','1996-03-23' ,'Los crisantemos 329',9829339,2354550,2,3,1,1)
INSERT INTO [Consultorios].[dbo].[Usuario] VALUES (11,19431200,'2','foto5','Claudio','Fernanda','Campos','Garate','1996-03-23' ,'Los crisantemos 329',9829339,2354550,2,3,1,1)
INSERT INTO [Consultorios].[dbo].[Usuario] VALUES (12,19431300,'8','foto5','Rodrigo','Fernanda','Campos','Garate','1996-03-23' ,'Los crisantemos 329',9829339,2354550,2,3,1,1)
INSERT INTO [Consultorios].[dbo].[Usuario] VALUES (13,19431400,'2','foto5','Secilia','Fernanda','Campos','Garate','1996-03-23' ,'Los crisantemos 329',9829339,2354550,2,3,2,1)
INSERT INTO [Consultorios].[dbo].[Usuario] VALUES (14,19431500,'5','foto5','Silvia','Fernanda','Campos','Garate','1996-03-23' ,'Los crisantemos 329',9829339,2354550,2,3,2,1)
--5 secretarias
INSERT INTO [Consultorios].[dbo].[Usuario] VALUES (15,19432000,'4','foto5','Camila','Fernanda','Campos','Garate','1996-03-23' ,'Los crisantemos 329',9829339,2354550,2,3,2,1)
INSERT INTO [Consultorios].[dbo].[Usuario] VALUES (16,19433000,'4','foto5','Fernanda',' ','Campos','Garate','1996-03-23' ,'Los crisantemos 329',9829339,2354550,2,3,2,1)
INSERT INTO [Consultorios].[dbo].[Usuario] VALUES (17,19434000,'4','foto5','Maria','Soledad','Campos','Garate','1996-03-23' ,'Los crisantemos 329',9829339,2354550,2,3,2,1)
INSERT INTO [Consultorios].[dbo].[Usuario] VALUES (18,19435000,'4','foto5','Teresa','Gabriela','Campos','Garate','1996-03-23' ,'Los crisantemos 329',9829339,2354550,2,3,2,1)
INSERT INTO [Consultorios].[dbo].[Usuario] VALUES (19,19436000,'4','foto5','Teodora','Sofia','Campos','Garate','1996-03-23' ,'Los crisantemos 329',9829339,2354550,2,3,2,1)
--5 enfermeras
INSERT INTO [Consultorios].[dbo].[Usuario] VALUES (20,19431010,'4','foto5','Emeli','Fernanda','Campos','Garate','1996-03-23' ,'Los crisantemos 329',9829339,2354550,2,3,2,1)
INSERT INTO [Consultorios].[dbo].[Usuario] VALUES (21,19431020,'4','foto5','Angelica','Fernanda','Campos','Garate','1996-03-23' ,'Los crisantemos 329',9829339,2354550,2,3,2,1)
INSERT INTO [Consultorios].[dbo].[Usuario] VALUES (22,19431030,'4','foto5','Carolina','Fernanda','Campos','Garate','1996-03-23' ,'Los crisantemos 329',9829339,2354550,2,3,2,1)
INSERT INTO [Consultorios].[dbo].[Usuario] VALUES (23,19431040,'4','foto5','Sofia','Fernanda','Campos','Garate','1996-03-23' ,'Los crisantemos 329',9829339,2354550,2,3,2,1)
INSERT INTO [Consultorios].[dbo].[Usuario] VALUES (24,19431050,'4','foto5','Sonia','Fernanda','Campos','Garate','1996-03-23' ,'Los crisantemos 329',9829339,2354550,2,3,2,1)
--administradores 
INSERT INTO [Consultorios].[dbo].[Usuario] VALUES (25,19431060,'4','foto5','Esteban','Fernanda','Campos','Garate','1996-03-23' ,'Los crisantemos 329',9829339,2354550,2,3,2,1)
INSERT INTO [Consultorios].[dbo].[Usuario] VALUES (26,19431070,'4','foto5','Maximiliam','Fernanda','Campos','Garate','1996-03-23' ,'Los crisantemos 329',9829339,2354550,2,3,2,1)
INSERT INTO [Consultorios].[dbo].[Usuario] VALUES (27,19431080,'4','foto5','Agustin','Fernanda','Campos','Garate','1996-03-23' ,'Los crisantemos 329',9829339,2354550,2,3,2,1)
INSERT INTO [Consultorios].[dbo].[Usuario] VALUES (28,19431090,'4','foto5','Bruno','Fernanda','Campos','Garate','1996-03-23' ,'Los crisantemos 329',9829339,2354550,2,3,2,1)
INSERT INTO [Consultorios].[dbo].[Usuario] VALUES (29,19431100,'4','foto5','Guillermo','Fernanda','Campos','Garate','1996-03-23' ,'Los crisantemos 329',9829339,2354550,2,3,2,1)
INSERT INTO [Consultorios].[dbo].[Usuario] VALUES (30,19431110,'4','foto5','Raul','Fernanda','Campos','Garate','1996-03-23' ,'Los crisantemos 329',9829339,2354550,2,3,2,1)

--9 pacientes

INSERT INTO [Consultorios].[dbo].[Paciente] (id_usuario, id_grupo_sanguineo, id_rh, id_sector) VALUES (1,1,1,1)
INSERT INTO [Consultorios].[dbo].[Paciente] (id_usuario, id_grupo_sanguineo, id_rh, id_sector) VALUES (2,2,1,2)
INSERT INTO [Consultorios].[dbo].[Paciente] (id_usuario, id_grupo_sanguineo, id_rh, id_sector) VALUES (3,1,2,3)
INSERT INTO [Consultorios].[dbo].[Paciente] (id_usuario, id_grupo_sanguineo, id_rh, id_sector) VALUES (4,2,1,4)
INSERT INTO [Consultorios].[dbo].[Paciente] (id_usuario, id_grupo_sanguineo, id_rh, id_sector) VALUES (5,2,2,1)
INSERT INTO [Consultorios].[dbo].[Paciente] (id_usuario, id_grupo_sanguineo, id_rh, id_sector) VALUES (6,1,2,1)
INSERT INTO [Consultorios].[dbo].[Paciente] (id_usuario, id_grupo_sanguineo, id_rh, id_sector) VALUES (7,2,1,3)
INSERT INTO [Consultorios].[dbo].[Paciente] (id_usuario, id_grupo_sanguineo, id_rh, id_sector) VALUES (8,1,1,3)
INSERT INTO [Consultorios].[dbo].[Paciente] (id_usuario, id_grupo_sanguineo, id_rh, id_sector) VALUES (9,2,2,2)

--5 medicos

INSERT INTO [Consultorios].[dbo].[Medico] (rut_medico, dv_medico, id_usuario, id_especialidad, id_jornada_laboral) VALUES (19040001,'k',10,1,1)
INSERT INTO [Consultorios].[dbo].[Medico] (rut_medico, dv_medico, id_usuario, id_especialidad, id_jornada_laboral) VALUES (19040002,'4',11,1,8)
INSERT INTO [Consultorios].[dbo].[Medico] (rut_medico, dv_medico, id_usuario, id_especialidad, id_jornada_laboral) VALUES (19040003,'7',12,1,7)
INSERT INTO [Consultorios].[dbo].[Medico] (rut_medico, dv_medico, id_usuario, id_especialidad, id_jornada_laboral) VALUES (19040004,'3',13,1,3)
INSERT INTO [Consultorios].[dbo].[Medico] (rut_medico, dv_medico, id_usuario, id_especialidad, id_jornada_laboral) VALUES (19040005,'1',14,1,4)

--5 Secretaria

INSERT INTO [Consultorios].[dbo].[Secretaria] (id_usuario, id_jornada_laboral) VALUES (15,1)
INSERT INTO [Consultorios].[dbo].[Secretaria] (id_usuario, id_jornada_laboral) VALUES (16,4)
INSERT INTO [Consultorios].[dbo].[Secretaria] (id_usuario, id_jornada_laboral) VALUES (17,3)
INSERT INTO [Consultorios].[dbo].[Secretaria] (id_usuario, id_jornada_laboral) VALUES (18,2)
INSERT INTO [Consultorios].[dbo].[Secretaria] (id_usuario, id_jornada_laboral) VALUES (19,7)

--5 enfermeras
INSERT INTO [Consultorios].[dbo].[Enfermera] (id_usuario, id_jornada_laboral) VALUES (20,1)
INSERT INTO [Consultorios].[dbo].[Enfermera] (id_usuario, id_jornada_laboral) VALUES (21,2)
INSERT INTO [Consultorios].[dbo].[Enfermera] (id_usuario, id_jornada_laboral) VALUES (22,3)
INSERT INTO [Consultorios].[dbo].[Enfermera] (id_usuario, id_jornada_laboral) VALUES (23,4)
INSERT INTO [Consultorios].[dbo].[Enfermera] (id_usuario, id_jornada_laboral) VALUES (24,7)

--administradores

INSERT INTO [Consultorios].[dbo].[Administrador] (id_usuario) VALUES (25)
INSERT INTO [Consultorios].[dbo].[Administrador] (id_usuario) VALUES (26)
INSERT INTO [Consultorios].[dbo].[Administrador] (id_usuario) VALUES (27)
INSERT INTO [Consultorios].[dbo].[Administrador] (id_usuario) VALUES (28)
INSERT INTO [Consultorios].[dbo].[Administrador] (id_usuario) VALUES (29)
INSERT INTO [Consultorios].[dbo].[Administrador] (id_usuario) VALUES (30)


--MEDICOS  


INSERT INTO [Consultorios].[dbo].[Control_Acceso] (usuario_login, contrasena, id_tipo_usuario, id_usuario, activo) VALUES ('Andres','1234',4,10,1)  
INSERT INTO [Consultorios].[dbo].[Control_Acceso] (usuario_login, contrasena, id_tipo_usuario, id_usuario, activo) VALUES ('Claudio','1234',4,11,1) 
INSERT INTO [Consultorios].[dbo].[Control_Acceso] (usuario_login, contrasena, id_tipo_usuario, id_usuario, activo) VALUES ('Rodrigo','1234',4,12,1) 
INSERT INTO [Consultorios].[dbo].[Control_Acceso] (usuario_login, contrasena, id_tipo_usuario, id_usuario, activo) VALUES ('Secilia','1234',4,13,1) 
INSERT INTO [Consultorios].[dbo].[Control_Acceso] (usuario_login, contrasena, id_tipo_usuario, id_usuario, activo) VALUES ('Silvia','1234',4,14,1) 
--SECRETARIAS
INSERT INTO [Consultorios].[dbo].[Control_Acceso] (usuario_login, contrasena, id_tipo_usuario, id_usuario, activo) VALUES ('Camila','1234',2,15,1) 
INSERT INTO [Consultorios].[dbo].[Control_Acceso] (usuario_login, contrasena, id_tipo_usuario, id_usuario, activo) VALUES ('Fernanda','1234',2,16,1) 
INSERT INTO [Consultorios].[dbo].[Control_Acceso] (usuario_login, contrasena, id_tipo_usuario, id_usuario, activo) VALUES ('Maria','1234',2,17,1) 
INSERT INTO [Consultorios].[dbo].[Control_Acceso] (usuario_login, contrasena, id_tipo_usuario, id_usuario, activo) VALUES ('Teresa','1234',2,18,1) 
INSERT INTO [Consultorios].[dbo].[Control_Acceso] (usuario_login, contrasena, id_tipo_usuario, id_usuario, activo) VALUES ('Teodora','1234',2,19,1) 
--ENFERMERAS 
INSERT INTO [Consultorios].[dbo].[Control_Acceso] (usuario_login, contrasena, id_tipo_usuario, id_usuario, activo) VALUES ('Emeli','1234',3,20,1)
INSERT INTO [Consultorios].[dbo].[Control_Acceso] (usuario_login, contrasena, id_tipo_usuario, id_usuario, activo) VALUES ('Angelica','1234',3,21,1) 
INSERT INTO [Consultorios].[dbo].[Control_Acceso] (usuario_login, contrasena, id_tipo_usuario, id_usuario, activo) VALUES ('Carolina','1234',3,22,1) 
INSERT INTO [Consultorios].[dbo].[Control_Acceso] (usuario_login, contrasena, id_tipo_usuario, id_usuario, activo) VALUES ('Sofia','1234',3,23,1) 
INSERT INTO [Consultorios].[dbo].[Control_Acceso] (usuario_login, contrasena, id_tipo_usuario, id_usuario, activo) VALUES ('SoniaS','1234',3,24,1)  
--ADMINISTRADORES
INSERT INTO [Consultorios].[dbo].[Control_Acceso] (usuario_login, contrasena, id_tipo_usuario, id_usuario, activo) VALUES ('Esteban','1234',5,25,1)
INSERT INTO [Consultorios].[dbo].[Control_Acceso] (usuario_login, contrasena, id_tipo_usuario, id_usuario, activo) VALUES ('Maximiliam','1234',5,26,1)
INSERT INTO [Consultorios].[dbo].[Control_Acceso] (usuario_login, contrasena, id_tipo_usuario, id_usuario, activo) VALUES ('Agustin','1234',5,27,1)
INSERT INTO [Consultorios].[dbo].[Control_Acceso] (usuario_login, contrasena, id_tipo_usuario, id_usuario, activo) VALUES ('Bruno','1234',5,28,1)
INSERT INTO [Consultorios].[dbo].[Control_Acceso] (usuario_login, contrasena, id_tipo_usuario, id_usuario, activo) VALUES ('Guillermo','1234',5,29,1)
INSERT INTO [Consultorios].[dbo].[Control_Acceso] (usuario_login, contrasena, id_tipo_usuario, id_usuario, activo) VALUES ('Raul','1234',5,30,1)
